index,1_0_560,1_0_777,1_0.1_560,1_0.1_777,1_0.3_560,1_0.3_777,1_0.6_560,1_0.6_777
1,3754,3745,3798,3796,3759,3618,3854,3735
2,3839,3946,4059,6358,3819,4694,3842,3910
3,3826,4422,5145,12809,4227,11862,3872,4230
4,4080,6062,5603,12027,4804,11875,3946,5651
5,4694,9746,5295,11196,4939,11547,4067,8654
6,5035,10458,5296,11150,4918,11427,4407,11282
7,5095,10011,5282,11153,4934,11598,4658,11274
8,4938,9974,5177,11250,4962,11594,4718,11542
9,4934,9895,5024,11068,4930,11758,4826,11484
10,4954,9922,5090,11427,4963,11796,4784,11627
11,4824,9756,5126,11535,5030,12010,4784,11718
12,4810,9791,5107,11508,4890,11931,4858,11638
13,4830,9968,4971,11770,4939,12194,4802,11690
14,4854,10174,4987,11762,4903,11954,4739,11822
15,4907,9982,5010,11646,4967,11983,4847,11747
16,4730,10043,4923,11770,4823,12159,4691,11738
17,4891,10200,4982,11978,4970,12402,4790,11894
18,4818,10296,4962,11874,4766,12386,4650,11726
19,4716,10113,4922,11962,4946,12336,4744,11664
20,4773,10338,4934,12114,4898,12410,4803,11986
21,4751,10408,4925,12195,4816,12506,4794,11972
22,4803,10432,5024,12352,4821,12563,4778,12211
23,4802,10644,4923,12704,4875,13039,4722,12219
24,4748,10891,5043,12814,4955,12914,4718,12371
25,4746,11082,5011,13184,4931,13363,4938,12499
26,4658,11136,5019,13314,4982,13852,4791,12830
27,4704,11383,4910,13438,4951,13731,4828,12946
28,4674,11758,5005,13540,4898,13950,4807,13142
29,4755,11810,4948,13880,4912,14191,4778,13386
30,4694,12014,4910,14042,4958,14111,4786,13435
31,4666,12154,4930,14318,4942,14507,4778,13578
32,4803,12138,4970,14353,4932,14395,4822,13847
33,4674,12458,4992,14738,4970,14811,4767,13935
34,4762,12518,4928,14501,5034,14941,4815,13982
35,4715,12446,5015,14732,4970,14954,4676,14191
36,4718,12694,5082,15012,4947,15090,4780,14574
37,4722,12794,4946,14985,4855,15487,4814,14496
38,4667,13042,4995,15243,4939,15423,4916,14486
39,4768,13158,5039,15186,4934,15478,4890,14738
40,4640,13135,5011,15507,5040,15454,4859,14706
41,4723,13494,4990,15362,5094,15463,4802,14731
42,4659,13691,5022,15642,4958,15638,4930,14715
43,4810,13782,4986,15619,4946,15767,4978,15280
44,4661,13774,5064,15807,4980,16128,4863,14926
45,4694,14050,4907,15771,4995,15986,4926,15115
46,4687,14103,4966,16007,4990,15898,4858,15427
47,4822,14064,4987,16106,4995,16071,4793,15187
48,4706,14035,5019,16158,4966,16318,4815,15474
49,4888,14410,4950,16458,4966,16490,4842,15567
50,4742,14375,4979,16517,4970,16382,4794,15607
51,4678,14425,4950,16486,4947,16532,4800,15718
52,4787,14669,4971,16598,4913,16685,4879,15810
53,4706,14756,5018,16651,4954,16638,4923,15738
54,4751,14900,4955,16936,4968,16747,4859,15818
55,4712,14814,5016,17067,4867,17010,4915,16022
56,4715,14834,4914,17022,5000,16990,4962,15918
57,4736,15242,5015,16890,4963,16982,4906,16026
58,4648,15170,4987,17196,4954,17064,4894,16194
59,4688,15125,4867,17159,4914,17174,4934,16226
60,4615,15131,4898,17494,4996,17467,4895,16271
61,4719,15146,4903,17450,5024,17494,4926,16095
62,4618,15478,4850,17446,4907,17518,4862,16262
63,4731,15638,4938,17805,4894,17536,4870,16479
64,4626,15874,4842,17619,4942,17690,4922,16346
65,4706,15935,4828,17779,5024,17563,4811,16600
66,4670,15904,4823,17992,4863,17720,4954,16611
67,4710,15848,4906,18006,4971,17818,4922,16887
68,4558,15962,4954,18155,4906,17895,4800,16722
69,4710,16256,4874,18189,4990,18046,4922,16850
70,4646,16189,4848,18418,4987,18070,4855,16824
71,4550,16347,4960,18579,4947,17899,4847,17002
72,4610,16086,4886,18723,4906,18303,4978,17145
73,4598,16399,4872,18741,4902,18352,4855,17074
74,4530,16567,4899,18914,5098,18415,4854,17146
75,4554,16612,4867,19130,4839,18344,4868,17238
76,4476,16591,4862,18992,4894,18619,4883,17308
77,4546,16878,4844,19399,4975,18878,4768,17464
78,4503,17070,4905,19574,4954,18718,4820,17382
79,4546,17063,4810,19838,4906,18848,4860,17710
80,4526,17189,4844,20018,4938,18956,4906,17518
81,4479,17318,4850,20040,4863,19134,4817,17658
82,4492,17335,4975,20082,5007,19047,4810,17631
83,4471,17655,4814,20203,4947,19378,4786,17956
84,4391,17786,4755,20542,4958,19506,4828,17559
85,4405,18061,4847,20698,4878,19522,4814,17874
86,4454,18179,4807,20827,4946,19598,4779,17808
87,4450,18249,4720,21242,4930,19742,4890,18159
88,4342,18502,4819,21466,4887,19894,4782,18177
89,4419,18723,4858,21449,4867,19946,4922,18284
90,4319,18916,4714,21765,4908,20126,4679,18198
91,4370,19181,4808,22055,4963,20178,4791,18462
92,4391,19394,4763,22227,4890,20150,4890,18399
93,4342,19641,4847,22463,5026,20451,4767,18686
94,4319,19741,4783,22674,4858,20688,4858,18638
95,4360,19792,4886,22616,4809,20834,4864,18687
96,4250,20122,4787,22808,4878,21036,4822,18593
97,4339,20547,4858,22960,4902,20858,4843,18923
98,4286,20696,4970,23447,4850,20826,4795,18950
99,4350,20688,4879,23583,4866,21190,4830,19087
100,4322,20898,4818,23831,4935,21151,4919,19071
101,4314,21326,4790,23938,4920,21390,4832,19486
102,4239,21576,4807,24104,4832,21570,4862,19251
103,4338,21651,4822,24250,4824,21526,4847,19606
104,4226,21662,4830,24479,4883,21469,4820,19590
105,4347,21740,4768,24434,4862,21879,4861,19611
106,4283,21904,4839,24594,4927,21911,4831,19546
107,4202,21870,4883,24482,4926,22076,4859,19895
108,4239,22015,4875,24899,4870,22300,4798,19906
109,4258,22087,4826,24740,4854,22315,4830,19911
110,4278,22014,4866,25015,4867,22215,4835,20100
111,4294,21958,4922,25077,5022,22575,4772,20038
112,4177,21925,4775,25378,4936,22638,4768,20038
113,4175,21854,4718,25404,4867,22855,4920,20173
114,4183,21676,4902,25384,4863,22689,4828,20406
115,4291,21801,4894,25594,4967,22798,4872,20230
116,4286,21587,4818,25408,4942,22797,4822,20591
117,4129,21646,4772,25786,4922,22842,4907,20691
118,4240,21503,4879,25858,4954,23233,4830,20742
119,4206,21347,4943,25706,4951,23274,4902,20734
120,4319,21542,4818,26102,4994,23290,4714,20822
121,4247,21142,4898,25842,5038,23570,4779,20830
122,4314,21163,4858,26153,5034,23382,4834,20863
123,4342,21110,4824,25989,5000,23478,4846,21008
124,4346,21230,4946,26087,4860,23330,4801,20926
125,4206,21252,4842,26238,4916,23354,4856,20838
126,4242,21053,4990,26149,4951,23418,4843,21102
127,4155,21054,4830,26154,4998,23494,4832,21229
128,4207,20970,4967,26318,4970,23780,4834,21296
129,4162,21106,4902,26228,4931,23548,4891,21330
130,4131,21048,4886,26173,4912,23491,4935,21556
131,4250,21187,4906,26454,4978,23512,4874,21214
132,4154,21058,4794,26336,5036,23423,4910,21331
133,4139,20867,4879,26530,4974,23898,4823,21595
134,4162,20932,4918,26639,4966,23706,4846,21555
135,4194,20815,4921,26360,4914,23730,4872,21583
136,4299,20888,4955,26278,4930,23530,4862,21531
137,4350,20830,4976,26503,5028,23691,4752,21498
138,4174,20955,4967,26431,5004,23723,4855,21486
139,4112,20929,4914,26238,4987,23953,4868,21654
140,4207,20930,4892,26434,5009,23862,4943,21683
141,4211,20699,4882,26478,4931,23934,4817,21504
142,4251,20743,4916,26250,4967,23713,4784,21560
143,4282,20695,4877,26253,4883,24068,4848,21775
144,4202,20956,5002,26546,4898,23798,4882,21696
145,4292,21000,4811,26367,4894,23846,4834,21871
146,4214,20757,4918,26180,4930,24035,4790,21920
147,4062,21086,4891,26392,4890,23931,4847,21901
148,4275,20931,4828,26367,4950,23967,4855,21901
149,4178,21050,4798,26242,4962,23923,4950,21806
150,4117,20706,4774,26491,4978,24307,4752,21738
151,4242,20904,4910,26342,4974,23962,4868,21723
152,4300,20695,4796,26389,5042,23852,4814,22034
153,4259,20778,5006,26409,4998,23994,4904,21924
154,4162,20797,4866,26284,4983,23934,4854,21970
155,4210,20815,4866,25891,4886,24130,4803,21943
156,4230,20842,4804,26456,4962,23906,4883,21916
157,4331,21001,4883,26278,4999,24179,4839,21690
158,4223,20779,4923,26227,4931,24135,4883,21962
159,4138,20782,5120,26135,4971,24111,4914,21929
160,4187,20620,4833,26226,4970,24186,4824,21902
161,4249,20806,4858,26269,5046,24222,5007,21822
162,4263,20682,4858,26374,4993,24106,4826,21922
163,4144,21011,4922,25975,4928,23990,4942,22032
164,4103,20858,4875,26367,4991,24142,4903,21951
165,4201,20741,4938,26350,5018,24249,4898,21940
166,4270,20602,4936,26316,4959,24205,4938,21822
167,4214,20656,4904,26298,4938,24126,4843,22039
168,4154,21211,4810,26120,4967,24207,4866,21901
169,4242,20875,4847,26195,4998,23941,4839,22096
170,4174,20858,4946,26367,4971,24190,4834,22037
171,4298,20830,4927,26371,4926,24006,4862,22018
172,4202,20530,4939,26090,4826,24138,4818,22090
173,4238,20875,4939,26223,4920,24089,4899,22189
174,4222,20876,4867,26194,4934,24046,4888,22166
175,4151,20606,4846,26275,4982,24023,4882,21953
176,4258,20751,4890,26162,4970,23903,4786,21918
177,4251,20864,4894,26475,4986,24083,4830,21856
178,4175,20920,4866,26135,5005,24094,4874,22040
179,4162,20932,4898,26200,4816,23951,4894,22138
180,4306,20835,4864,26269,5002,24154,4873,21870
181,4202,20898,4778,26242,5053,23863,4882,22203
182,4218,20835,4943,26431,4916,23754,4922,22018
183,4202,20593,4887,26268,4960,24068,4830,21960
184,4244,20683,4871,26146,4970,24147,4910,22114
185,4183,20795,4900,26026,4982,24193,4930,21907
186,4271,20723,4900,26366,4902,23820,4934,22050
187,4202,21042,4935,26425,4902,23712,4834,21874
188,4255,21062,4824,26162,4923,23758,4907,22072
189,4307,20696,4864,26486,5000,23699,4843,21986
190,4202,20739,4892,26339,4938,23930,4914,22019
191,4178,20906,4958,26298,4986,23763,4874,22066
192,4222,20666,4911,26363,4907,23814,4890,21919
193,4299,20878,4850,26120,4922,23870,4874,22018
194,4264,21041,4907,26301,4945,23670,4908,22015
195,4241,20726,4910,26240,4806,23840,4871,21927
196,4210,20687,4898,26306,4986,23832,4866,21992
197,4174,20759,4801,26376,4931,23953,4887,22127
198,4174,20884,4830,26319,4988,23798,4862,22028
199,4246,20892,4831,26335,4854,23706,4938,22063
200,4218,20695,4915,26454,4903,23726,4814,21992
201,4315,20834,4858,26555,4834,23769,4874,21806
202,4128,20800,4916,26375,4954,23688,4942,21854
203,4236,20760,4915,26542,4914,23858,4886,21990
204,4170,20718,4951,26227,4894,23698,4812,21855
205,4246,20795,4923,26386,4916,23626,4814,21983
206,4263,20897,4842,26330,4986,23701,4874,21798
207,4160,20943,4815,26358,4862,23872,4838,21764
208,4202,20932,4918,26526,4923,23770,4922,21958
209,4310,20941,4895,26386,4926,23956,4838,21863
210,4222,20881,4875,26342,4908,23914,4846,21886
211,4158,20790,4894,26698,4832,23695,4907,21866
212,4270,20644,4850,26674,4915,23937,4838,21950
213,4152,20654,4910,26654,4959,23770,4894,21930
214,4202,20878,4859,26852,4948,23847,4914,21807
215,4159,20732,4745,26522,4910,23716,4934,21966
216,4188,20922,4930,26832,4954,23615,4847,21818
217,4211,20920,4934,26555,4928,23783,4962,21973
218,4223,20778,4896,26555,4886,23872,4819,21718
219,4190,20830,4883,26362,5043,23822,4881,21602
220,4187,21045,4839,26773,4831,23707,4870,21931
221,4228,20792,4847,26422,4919,23858,4835,21994
222,4215,20974,4914,26422,4951,23595,4802,21779
223,4184,20875,4867,27025,4966,23990,4797,21822
224,4199,21015,4896,26599,4970,24011,4775,21755
225,4208,21070,4904,26628,5002,23926,4855,21735
226,4138,20999,4843,26646,4906,23954,4834,21795
227,4235,20682,4846,26648,4894,23878,4942,21762
228,4240,20814,4928,26507,4946,24086,4763,21706
229,4248,20994,4786,26962,5000,23956,4879,21648
230,4158,21028,4840,26674,4942,23758,4851,21646
231,4366,21046,4939,26545,4943,23718,4818,21684
232,4263,20939,4944,26423,4978,24190,4898,21726
233,4146,21032,4907,26763,4982,23790,4766,21667
234,4210,20950,4942,26625,4954,23980,4863,21554
235,4226,20818,4990,26722,4982,23850,4858,21770
236,4292,21007,4910,26568,4946,23845,4886,21838
237,4190,21095,4806,26763,4886,23884,4834,21748
238,4171,21122,4922,26501,4906,23942,4846,21660
239,4206,21063,4999,26667,4922,24108,4830,21810
240,4260,20904,4879,26931,4967,24003,4886,21690
241,4271,20920,4798,26776,4950,24030,4803,21695
242,4218,21184,4930,26930,4978,23834,4792,21694
243,4274,20943,4934,26612,5012,23990,4802,21839
244,4244,21072,4822,26756,4898,24046,4791,21611
245,4106,20926,4934,26730,4971,23734,4862,21696
246,4119,21071,4916,26924,4986,23848,4878,21782
247,4210,21065,4890,26942,4887,23918,4855,21792
248,4182,21033,4914,26830,4974,24084,4690,21890
249,4274,21054,5002,26854,4982,23946,4839,21694
250,4238,20938,4974,26721,4966,24135,4836,21846
251,4155,21184,4979,26739,4954,24207,4906,21701
252,4236,20888,4938,26696,4890,24216,4820,21818
253,4225,21005,4883,26742,5071,24139,4897,21882
254,4223,20971,4887,26827,4930,24311,4882,21766
255,4274,21218,4907,26772,4939,24227,4814,22022
256,4252,21098,5000,26914,4938,24004,4806,22041
257,4242,21296,4963,27275,4890,24283,4854,22078
258,4263,21098,4917,26888,4926,24246,4834,21933
259,4242,21198,4887,26980,4990,24307,4879,21951
260,4235,20986,4826,26994,4818,24051,4855,21650
261,4211,21195,4868,26919,4986,24126,4803,22054
262,4211,21072,4923,26842,4970,24298,4823,22021
263,4306,21147,4910,27050,4983,24360,4831,21956
264,4283,20915,4839,26759,4900,24259,4818,22098
265,4291,21341,4892,27033,4946,24220,4903,21956
266,4274,21498,4958,26802,4791,23948,4886,21963
267,4314,21431,4990,27049,4926,24239,4926,22071
268,4178,20936,4978,27014,4947,24179,4882,21963
269,4260,21363,4834,27133,4900,24107,4775,21964
270,4130,21140,4919,26970,5102,24103,4807,21848
271,4246,21016,4946,26966,4991,24282,4791,22171
272,4236,21263,4938,27214,4999,24387,4863,21950
273,4207,21058,4896,27047,5026,24247,4854,22110
274,4243,21399,4894,27110,4826,24024,4830,22167
275,4311,21082,4971,27082,4943,24071,4738,21838
276,4198,21131,4916,27003,4962,24323,4848,22192
277,4186,21225,4974,27134,4986,24386,4938,21971
278,4186,21267,4950,27130,4902,24270,4787,22136
279,4070,20868,4931,27071,5082,24171,4890,21936
280,4227,21174,5008,27014,4927,24216,4910,21895
281,4274,21191,4946,27121,5032,24414,4797,22102
282,4339,21064,4986,27002,4934,24178,4890,21894
283,4251,21290,4906,27042,4862,24294,4846,22206
284,4156,21270,4842,27007,4874,24566,4974,22239
285,4258,21366,4909,27098,4991,24242,4842,21983
286,4231,21139,4898,27105,5030,24236,4870,21899
287,4178,21350,4870,27111,4862,24394,4867,21990
288,4198,21238,4879,27080,4922,24295,4827,22055
289,4235,21292,4974,26979,4850,24241,4942,21998
290,4279,21291,4950,27052,4983,24146,4906,21879
291,4242,21323,4934,27326,5026,24262,4887,22143
292,4183,21246,4962,26946,4975,24343,4887,22122
293,4288,21260,4874,27039,4974,24375,4874,22282
294,4146,21371,4862,27234,4910,24210,4808,22074
295,4282,21202,4911,27183,5018,24510,4810,22103
296,4194,21285,4946,27417,4911,24304,4743,22195
297,4255,21178,5033,27051,5014,24099,4899,22142
298,4191,21355,4903,27298,5023,24186,4886,22259
299,4278,21210,4947,27156,4938,24250,4928,22174
300,4254,21470,4870,27015,4910,24170,4947,22259
301,4178,21367,4910,27254,4919,24579,4747,22090
302,4148,21407,4942,27180,5030,24299,4827,22146
303,4282,21390,5022,27502,4963,24426,4815,22285
304,4272,21187,5007,27135,4962,24251,4719,22169
305,4261,21428,4987,27346,4914,24136,4898,22194
306,4176,21301,4866,27677,4851,24478,4850,22111
307,4194,21368,4876,27194,4958,24278,4818,22162
308,4147,21194,4997,27230,4950,24386,4882,22212
309,4219,21247,5012,27449,4906,24432,4876,22143
310,4194,21463,5045,27235,5042,24237,4816,22279
311,4231,21247,4986,27454,4982,24381,4892,22231
312,4278,21459,4926,27222,5002,24559,4969,22202
313,4208,21119,4986,27186,4999,24460,4958,22230
314,4178,21256,4922,27165,4890,24365,4782,22276
315,4187,21531,4942,27510,4963,24555,4847,22130
316,4214,21316,4950,27314,4983,24607,5026,22183
317,4328,21294,4876,27271,4998,24402,4834,22210
318,4232,21403,5006,27375,5030,24387,4882,22251
319,4271,21351,4812,27374,5047,24686,4838,22394
320,4112,21331,4934,27343,5054,24655,4794,22280
321,4239,21355,4950,27275,4990,24658,4902,22181
322,4203,21292,4950,27275,4903,24446,4827,22435
323,4259,21547,4954,27397,5014,24607,4868,22283
324,4378,21640,4919,27443,4926,24478,4851,22258
325,4214,21370,4902,27292,5014,24314,4787,22338
326,4243,21162,4965,27199,4938,24264,4770,22111
327,4262,21177,4918,27145,4963,24322,4894,22543
328,4242,21619,4854,27346,4920,24450,4870,22351
329,4144,21503,4930,27381,5038,24501,4909,22218
330,4275,21376,4910,27250,4863,24418,4806,22370
331,4234,21664,4843,27546,4936,24418,4839,22279
332,4199,21359,5024,27415,4960,24467,4854,22311
333,4242,21308,4983,27379,4928,24536,4842,22520
334,4179,21543,4935,27359,4997,24507,4819,22231
335,4250,21534,4970,27631,4896,24708,4846,22374
336,4151,21555,4990,27498,4943,24481,4858,22254
337,4311,21432,4871,27501,4914,24462,4802,22260
338,4175,21509,4908,27443,4954,24607,4934,22430
339,4238,21452,4915,27503,4871,24367,4911,22428
340,4312,21528,4938,27194,4899,24410,4922,22554
341,4203,21427,4983,27410,4900,24571,4794,22200
342,4214,21479,4918,27343,5032,24481,4830,22374
343,4130,21406,4859,27618,4986,24494,4978,22442
344,4303,21443,4888,27366,4994,24106,4806,22414
345,4202,21636,4919,27674,4946,24297,4955,22552
346,4215,21523,4919,27395,5011,24422,4855,22328
347,4264,21310,4885,27417,4878,24331,4914,22406
348,4244,21548,4826,27266,4980,24423,4896,22443
349,4294,21403,4930,27281,4939,24327,4890,22387
350,4251,21638,4922,27442,4950,24422,4922,22382
351,4123,21174,4983,27563,4942,24686,4924,22002
352,4111,21687,4994,27440,4898,24379,4862,22031
353,4244,21520,4959,27356,4931,24523,4819,22187
354,4283,21330,4982,27698,4950,24034,4938,22135
355,4183,21595,4851,27436,4868,24460,4820,21998
356,4232,21422,4946,27427,5029,24614,4875,22022
357,4211,21593,5017,27644,4942,24307,4834,22206
358,4235,21446,4854,27626,4880,24362,4923,22036
359,4254,21702,4990,27415,4886,24415,4890,22342
360,4250,21326,4906,27622,5054,24353,4838,22262
361,4226,21570,4966,27300,4995,24742,4868,22394
362,4182,21300,4911,27651,4931,24698,4875,22172
363,4246,21594,5017,27482,4954,24338,4877,22179
364,4255,21399,4907,27591,4890,24427,4818,22246
365,4238,21562,4869,27489,5031,24559,4954,22127
366,4225,21726,4907,27526,4948,24527,4766,22219
367,4210,21635,4854,27459,4927,24343,4858,22234
368,4203,21783,4880,27662,4946,24461,4878,22302
369,4300,21587,4888,27622,5047,24348,4847,22235
370,4277,21458,4923,27589,4966,24562,4914,22142
371,4282,21596,4975,27803,5043,24664,4898,22151
372,4150,21615,5022,27499,4987,24395,4851,22264
373,4271,21422,5026,27229,5042,24204,4934,22196
374,4233,21453,5087,27370,4942,24571,4831,22346
375,4266,21406,4926,27622,4984,24212,4916,22131
376,4203,21478,4971,27554,4915,24651,4779,22299
377,4258,21634,4914,27378,5000,24448,4887,22283
378,4227,21435,4859,27614,4990,24503,4863,22295
379,4242,21587,4927,27531,4962,24593,4908,22590
380,4255,21372,4846,27383,5054,24578,4753,22118
381,4259,21587,4910,27442,4942,24698,4968,22170
382,4294,21581,4998,27566,4947,24619,4878,22247
383,4243,21459,5025,27458,5006,24504,4855,22078
384,4266,21564,5032,27589,5030,24527,4934,22139
385,4138,21520,4958,27413,4867,24418,4812,22019
386,4282,21623,4951,27714,4966,24477,4838,22090
387,4159,21760,4851,27801,5010,24606,4944,22433
388,4332,21556,4932,27658,4970,24458,4914,22339
389,4198,21456,4931,27683,4942,24762,4834,22282
390,4178,21565,4958,27584,5048,24539,4966,22450
391,4242,21455,4935,27487,5047,24670,4858,22186
392,4255,21552,4889,27580,5032,24756,4806,22077
393,4294,21769,4930,27600,4974,24174,4895,22291
394,4315,21752,4954,27846,4947,24352,4802,22224
395,4215,21635,4916,27739,4982,24626,4859,22510
396,4251,21648,4942,27494,4918,24753,4918,22319
397,4280,21671,4950,27638,4892,24532,4847,22258
398,4222,21542,5011,27759,4951,24462,4870,22250
399,4251,21655,4959,27782,4959,24588,4862,22439
400,4247,21574,4966,27713,4930,24446,4852,22288
401,4226,21804,4926,27660,5068,24567,4799,22111
402,4304,21708,4958,27490,4962,24728,4863,22127
403,4170,21454,4983,27854,4910,24713,4892,22210
404,4250,21478,5031,27691,4906,24719,4892,22287
405,4204,21775,4954,27648,4987,24686,4884,22406
406,4198,21627,4934,27642,4970,24567,4895,22219
407,4318,21731,4890,27462,4970,24595,4822,22233
408,4211,21651,5027,27591,5028,24626,4823,22211
409,4147,21666,4918,27723,4926,24705,4902,21999
410,4260,21458,4959,27556,4923,24529,4803,22339
411,4211,21694,4979,27571,4820,24690,4802,22173
412,4225,21750,5047,27748,4982,24566,4802,22173
413,4242,21569,4942,27818,5004,24478,4891,22558
414,4330,21855,4894,27487,4923,24563,4751,22122
415,4254,21557,4892,27695,4955,24538,4898,22301
416,4174,21558,4935,27470,5008,24778,4812,22482
417,4222,21801,4926,27746,4966,24456,4902,22407
418,4242,21762,4918,27604,4903,24882,4934,22278
419,4299,21630,4806,27449,4950,24585,4883,22353
420,4267,21558,4930,27750,4954,24424,4919,22157
421,4223,21711,4998,27683,4978,24510,4799,22314
422,4275,21638,4914,27581,5058,24754,4993,22223
423,4214,21511,4864,27892,4935,24558,4903,22378
424,4299,21770,4970,27735,4954,24728,4756,22318
425,4243,21435,4897,27804,5030,24923,4987,22184
426,4270,21560,4925,27715,4922,24581,4811,22310
427,4267,21626,4880,27614,5003,24675,4899,22334
428,4210,21662,5002,27753,4915,24757,4878,22258
429,4282,21809,4886,27807,5038,24679,4863,22259
430,4300,21728,4962,27750,5063,24606,4926,22326
431,4231,21551,4903,27574,4982,24597,4823,22398
432,4236,21458,4918,27750,4930,24713,4879,22292
433,4254,21682,4991,27870,4995,24570,4822,22356
434,4262,21859,5010,27754,5048,24706,4929,22242
435,4296,21722,4967,27842,4891,24847,4935,22171
436,4278,21698,4864,27620,4906,24578,4850,22426
437,4270,21626,4962,27824,4902,24790,4799,22331
438,4303,21590,4871,27848,5066,24708,4822,22166
439,4227,21730,4935,27556,4987,24494,4819,22260
440,4218,21559,4906,27766,5014,24554,4863,22226
441,4331,21722,5010,27722,4915,24447,4827,22250
442,4194,21667,5066,27867,5030,24521,4827,22079
443,4131,21699,4868,27759,4958,24566,4890,22334
444,4170,21835,4939,27519,5008,24578,4815,22270
445,4302,21690,4983,27915,4951,24576,4850,22379
446,4210,21674,4979,27853,4935,24582,4810,22391
447,4318,21810,4908,27537,5037,24682,4806,22118
448,4190,21647,4967,27794,4955,24523,4880,22458
449,4238,21824,4955,27682,4923,24518,4910,22080
450,4170,21602,4926,27557,4898,24470,4850,22204
451,4286,21657,4895,27775,4987,24591,4896,22254
452,4299,21678,4950,27615,4903,24571,4884,22131
453,4207,21848,4959,27946,5076,24848,4910,22214
454,4251,21954,4866,27807,4978,24802,4872,22259
455,4235,21810,4958,27766,4978,24452,4866,22246
456,4263,21690,4982,27922,4894,24775,4735,22143
457,4153,21817,5016,28083,4990,24771,4878,22378
458,4186,21726,4982,27808,4986,24595,4834,22544
459,4326,21770,4854,27519,5074,24654,4899,22331
460,4294,21711,4942,27694,4890,24579,4906,22244
461,4234,21746,4875,27788,5050,24611,4877,22467
462,4182,21816,4908,27858,4963,24614,4794,22270
463,4222,21660,4928,27813,4884,24779,4891,22270
464,4282,21695,4934,27499,4898,24611,4842,22193
465,4236,21811,4902,27762,5059,24278,4837,21915
466,4306,21675,4888,27611,4974,24767,4954,22218
467,4219,22089,4935,27827,5004,24618,4846,22238
468,4260,21963,4879,27890,4994,24513,4823,22154
469,4330,21782,4974,27949,5022,24612,4780,22423
470,4319,21987,4887,27898,5004,24766,4939,22349
471,4212,21842,5058,27754,5060,24590,4846,22299
472,4234,21854,4938,27875,4998,24839,4987,22182
473,4174,21883,4966,27791,4886,24694,4776,22491
474,4210,21854,5034,27766,5070,24662,4904,22281
475,4232,21649,4895,27726,4910,24610,4863,22301
476,4303,21907,4902,27890,4990,24704,4847,22543
477,4156,21425,4970,27943,4979,24529,4866,22531
478,4246,21726,4915,27869,4999,24870,4747,22273
479,4264,21685,4938,27696,4994,24623,4847,22394
480,4287,21805,4806,27781,5024,24609,4831,22391
481,4288,21974,4847,27796,5000,24707,4967,22436
482,4237,21866,4963,27880,5083,24492,4870,22275
483,4326,21606,5054,27791,4987,24776,4858,22482
484,4224,21867,4993,27841,4959,24530,4890,22480
485,4251,21882,4999,27913,4996,24722,4847,22278
486,4294,21778,4899,27866,4838,24783,4962,22398
487,4246,21926,4947,27846,4896,24606,4875,22282
488,4243,21657,4954,27714,4813,24632,4810,22341
489,4254,21978,5008,27755,4831,24704,4782,22394
490,4207,21902,4802,27855,4904,24686,4858,22398
491,4294,21835,4898,27591,4932,24478,4842,22308
492,4331,21888,4975,27674,4948,24666,4899,22504
493,4214,21798,5053,27962,4943,24942,4860,22270
494,4279,21776,5013,27945,4970,24500,4797,22386
495,4246,21650,4899,27741,4970,24750,4882,22236
496,4260,21918,4950,27797,4878,24844,4887,22452
497,4334,21814,5028,27836,4955,24670,4918,22555
498,4186,21870,4930,27671,5018,24779,4959,22395
499,4238,21928,5066,28111,5012,24846,4946,22378
500,4331,21896,4838,27880,4944,24968,4812,22290
501,4354,21783,4938,27738,4987,24898,4894,22201
502,4291,21874,4908,27986,4958,24695,4850,22334
503,4215,21854,4982,27994,4966,24562,4886,22354
504,4134,21934,4978,27896,4986,24670,4866,22394
505,4095,21870,4954,27604,4942,25071,4851,22370
506,4266,21938,5002,27803,4975,24820,4831,22251
507,4215,21750,4898,27718,4954,24973,4822,22398
508,4308,21831,5054,27866,4978,24570,4894,22564
509,4282,21922,4962,27829,4938,24800,4791,22361
510,4278,21702,4938,27699,4930,24784,4895,22235
511,4271,21862,4903,27717,4932,24748,4906,22503
512,4273,21943,4983,27746,4983,24750,4938,22402
513,4214,21639,4818,27982,4994,24703,4778,22474
514,4222,21898,4963,27974,4958,24775,4847,22060
515,4250,21910,4919,27722,4900,24939,4788,22219
516,4278,21892,4904,27940,4990,24712,4802,22467
517,4154,22035,5119,28018,4884,24830,4947,22083
518,4254,22003,4927,27619,5074,24618,4829,22038
519,4191,21842,4890,28135,4940,24853,4967,22411
520,4170,21750,4926,27858,4914,24822,4858,22292
521,4169,22053,5010,27750,4843,24622,5015,22367
522,4259,21721,4922,27868,4930,24738,4869,22329
523,4279,21814,4975,27850,4862,24970,4831,22562
524,4210,22100,4970,28104,4991,24651,4866,22570
525,4230,21750,4843,27999,4891,24686,4831,22591
526,4126,22046,5030,27848,4926,24594,4846,22538
527,4265,21941,4935,28019,4939,24806,4834,22520
528,4270,21847,4951,28004,5025,24820,4862,22604
529,4274,21945,4906,27726,5018,24834,4835,22437
530,4243,21986,5018,28054,5031,24722,4886,22530
531,4334,21886,4915,27832,4966,24986,4820,22418
532,4266,21967,4950,28070,4947,24726,4962,22260
533,4274,21795,4866,27784,4952,24719,4874,22448
534,4295,21940,5030,27969,4970,24753,4835,22426
535,4239,21788,5015,27798,5062,24503,4918,22420
536,4323,22107,4939,27759,4990,24826,4868,22466
537,4238,21882,4905,27936,4923,24694,4996,22390
538,4251,21679,4895,27956,4996,24731,4990,22546
539,4306,21878,5047,28018,4910,24690,4903,22563
540,4273,21863,4951,28077,4927,24826,4878,22489
541,4214,22058,4944,27802,4960,24867,4967,22238
542,4274,21723,4966,27759,4955,24732,4864,22459
543,4256,21820,4978,27814,4863,24630,4940,22540
544,4391,22067,5018,27931,5005,24520,4934,22391
545,4274,21927,4946,27910,5036,24497,4902,22594
546,4318,21689,4919,27913,4954,24835,4910,22276
547,4267,21739,4920,27926,4923,25078,4859,22340
548,4203,21749,4958,28066,4992,24894,4803,22466
549,4262,22026,4882,27647,5010,24814,4898,22570
550,4278,21835,5042,27719,4938,24930,4898,22498
551,4224,21780,5050,27794,4935,24765,4847,22177
552,4270,21896,5012,28090,4920,24670,4858,22354
553,4195,21963,4930,27662,4894,24975,4802,22346
554,4264,22242,5064,28047,5026,24878,4884,22490
555,4286,21808,4951,27831,4913,24551,4864,22642
556,4302,22182,4890,27989,4914,25112,4894,22288
557,4282,22061,4934,27824,4922,24772,4882,22532
558,4235,22096,4919,27912,4990,24529,4866,22410
559,4342,21944,4934,27850,4946,24880,4855,22282
560,4275,21966,4843,28016,5042,24712,4832,22582
561,4282,22014,4927,28150,4902,24846,4942,22186
562,4363,22150,4986,27932,4910,24814,4902,22340
563,4291,22076,4986,28126,4992,24763,4882,22235
564,4298,21930,5039,27886,4966,24663,4882,22677
565,4343,21942,4890,27841,4962,24823,4903,22537
566,4241,22323,4959,28023,4959,24592,4944,22444
567,4290,22082,4923,28056,4982,24770,4801,22343
568,4226,21910,5082,28094,4958,24958,4958,22333
569,4262,21844,4943,27682,5002,24722,4843,22595
570,4330,22243,4951,27750,5007,24858,4843,22595
571,4249,21982,4870,28038,5022,24811,4904,22710
572,4339,22082,5030,27823,4902,24926,4923,22606
573,4182,22030,4898,28034,4986,24868,4851,22272
574,4265,21931,4978,27887,5008,24938,4839,22437
575,4250,21950,4982,28083,5026,24841,4798,22367
576,4314,22123,4986,27968,4942,24794,4906,22426
577,4338,21894,4979,28031,4957,24799,4915,22516
578,4316,22123,5026,27919,5074,24788,4978,22405
579,4298,21988,4935,27799,5071,24815,4999,22434
580,4311,21846,4982,28068,5080,24752,4923,22426
581,4383,22162,4894,27734,4974,24610,4902,22575
582,4223,22033,4910,27952,4926,24754,4842,22450
583,4258,21974,4992,28066,4962,24901,4930,22606
584,4276,21991,5032,28051,4934,24958,4910,22506
585,4210,21918,4958,28091,4826,24733,4811,22359
586,4263,21986,4938,28130,4919,24576,4962,22343
587,4310,22010,5004,27872,4986,25002,4946,22395
588,4319,22014,5043,27931,4910,24651,4775,22452
589,4280,22122,4946,27797,5095,24674,4954,22406
590,4322,22102,4943,28239,5003,24738,4987,22310
591,4214,22025,4878,27843,4944,24998,4800,22499
592,4243,22075,5004,28064,4978,24958,4830,22383
593,4231,21979,5002,27877,5011,24588,4807,22311
594,4258,22014,5023,27995,4931,24890,4850,22635
595,4279,22020,4882,27776,4895,24978,4882,22747
596,4256,22002,4978,27858,5034,24738,4794,22476
597,4270,21985,5022,27947,4938,24690,4813,22482
598,4226,22054,5003,27975,5047,24771,4811,22438
599,4371,22090,4903,27903,4890,25066,4903,22594
600,4330,22228,4958,27882,4955,24704,4862,22486
601,4293,13418,4880,18538,4926,24759,4923,22486
602,3980,4214,4190,4386,4428,4851,4483,4951
603,3867,4026,4066,4035,4091,4102,4087,4170
604,3860,3845,4031,3910,3943,3947,3984,3950
605,3854,3803,3886,3766,3887,3938,4010,3907
606,3939,3808,3885,3806,3898,3841,3959,3855
607,3778,3718,3906,3847,3840,3741,3858,3847
608,3779,3616,3811,3813,3823,3946,3810,3698
609,3814,3687,3871,3618,3798,3786,3950,3736
610,3714,3591,3795,3738,3803,3798,3846,3740
611,3787,3718,3771,3702,3930,3826,3878,3790
612,3706,3643,3880,3707,3858,3706,3935,3737
613,3731,3743,3870,3694,3866,3735,3830,3762
614,3830,3754,3888,3675,3828,3703,3803,3670
615,3747,3618,3750,3776,3768,3771,3811,3771
616,3731,3658,3788,3694,3830,3698,3874,3682
617,3760,3636,3823,3763,3798,3742,3812,3724
618,3766,3694,3830,3692,3803,3699,3868,3774
619,3722,3634,3834,3695,3774,3678,3770,3656
620,3774,3657,3841,3651,3758,3711,3848,3751
621,3714,3664,3758,3823,3770,3678,3775,3622
622,3798,3654,3815,3727,3803,3760,3899,3710
623,3795,3730,3728,3732,3794,3706,3812,3686
624,3734,3725,3806,3713,3798,3679,3735,3734
625,3723,3637,3756,3601,3835,3599,3839,3723
626,3830,3635,3802,3646,3774,3675,3810,3731
627,3651,3640,3804,3632,3927,3706,3879,3714
628,3752,3682,3711,3726,3839,3728,3838,3694
629,3714,3687,3741,3602,3847,3706,3787,3724
630,3695,3554,3823,3706,3823,3722,3853,3739
631,3775,3607,3811,3731,3912,3776,3834,3664
632,3713,3564,3778,3586,3896,3658,3784,3694
633,3726,3648,3850,3707,3788,3712,3814,3594
634,3738,3690,3807,3691,3848,3716,3778,3682
635,3739,3652,3879,3613,3750,3766,3872,3650
636,3778,3594,3783,3744,3846,3694,3816,3676
637,3786,3707,3722,3782,3799,3698,3884,3650
638,3695,3637,3784,3641,3795,3746,3774,3706
639,3754,3659,3895,3766,3766,3743,3794,3680
640,3818,3570,3782,3664,3866,3739,3862,3791
641,3799,3651,3766,3682,3733,3670,3841,3691
642,3715,3666,3842,3729,3778,3723,3959,3703
643,3739,3770,3766,3639,3838,3622,3737,3611
644,3655,3628,3758,3702,3844,3649,3898,3784
645,3719,3555,3872,3832,3766,3623,3844,3622
646,3790,3619,3826,3699,3766,3690,3883,3707
647,3754,3670,3799,3658,3794,3675,3898,3729
648,3771,3583,3771,3754,3860,3698,3859,3744
649,3727,3655,3831,3605,3818,3702,3882,3774
650,3771,3687,3739,3727,3815,3682,3888,3842
